seed,scenario_id,planner,missions_total,missions_covered,priority_weighted_coverage,mean_risk,aircraft_utilisation,wall_s,solver_status,violations
1,sc_e4c4967227,fifo,50,21,0.4359,0.3785,0.325,0.01,HEURISTIC,0
1,sc_e4c4967227,greedy,50,19,0.4744,0.3038,0.35,0.01,HEURISTIC,0
1,sc_e4c4967227,cpsat,50,22,0.5342,0.3211,0.4,21.13,FEASIBLE,0
2,sc_b5f45789b1,fifo,50,18,0.3471,0.4119,0.3,0.05,HEURISTIC,0
2,sc_b5f45789b1,greedy,50,18,0.3636,0.3546,0.325,0.04,HEURISTIC,0
2,sc_b5f45789b1,cpsat,50,18,0.3636,0.3453,0.325,7.92,OPTIMAL,0
3,sc_043628a29c,fifo,50,13,0.2541,0.4933,0.225,0.02,HEURISTIC,0
3,sc_043628a29c,greedy,50,11,0.2521,0.4619,0.225,0.04,HEURISTIC,0
3,sc_043628a29c,cpsat,50,13,0.281,0.4709,0.225,2.09,OPTIMAL,0
4,sc_71268f96fa,fifo,50,22,0.435,0.3877,0.4,0.05,HEURISTIC,0
4,sc_71268f96fa,greedy,50,21,0.4233,0.3448,0.4,0.05,HEURISTIC,0
4,sc_71268f96fa,cpsat,50,23,0.4388,0.3255,0.4,20.36,OPTIMAL,0
5,sc_76e252cd29,fifo,50,16,0.2996,0.3963,0.25,0.01,HEURISTIC,0
5,sc_76e252cd29,greedy,50,15,0.358,0.316,0.25,0.01,HEURISTIC,0
5,sc_76e252cd29,cpsat,50,16,0.3969,0.3255,0.25,20.42,FEASIBLE,0
6,sc_7eb5ad90e8,fifo,50,13,0.2266,0.4208,0.325,0.03,HEURISTIC,0
6,sc_7eb5ad90e8,greedy,50,16,0.3281,0.3663,0.325,0.03,HEURISTIC,0
6,sc_7eb5ad90e8,cpsat,50,16,0.3379,0.3712,0.3,1.41,OPTIMAL,0
7,sc_94fc34947a,fifo,50,17,0.3184,0.4332,0.275,0.01,HEURISTIC,0
7,sc_94fc34947a,greedy,50,15,0.3388,0.3601,0.3,0.01,HEURISTIC,0
7,sc_94fc34947a,cpsat,50,19,0.3796,0.3824,0.35,20.32,FEASIBLE,0
8,sc_5d54939481,fifo,50,14,0.3002,0.4715,0.325,0.02,HEURISTIC,0
8,sc_5d54939481,greedy,50,16,0.3626,0.4402,0.35,0.02,HEURISTIC,0
8,sc_5d54939481,cpsat,50,17,0.3762,0.428,0.35,11.51,OPTIMAL,0
9,sc_c382524ce9,fifo,50,16,0.2733,0.3508,0.25,0.05,HEURISTIC,0
9,sc_c382524ce9,greedy,50,17,0.3601,0.2715,0.325,0.06,HEURISTIC,0
9,sc_c382524ce9,cpsat,50,18,0.3753,0.2729,0.35,21.74,FEASIBLE,0
10,sc_4a8c2583fa,fifo,50,10,0.1348,0.3393,0.225,0.02,HEURISTIC,0
10,sc_4a8c2583fa,greedy,50,10,0.2051,0.2537,0.225,0.02,HEURISTIC,0
10,sc_4a8c2583fa,cpsat,50,11,0.2188,0.2601,0.25,1.45,OPTIMAL,0
11,sc_251a9f04ef,fifo,50,12,0.192,0.447,0.225,0.05,HEURISTIC,0
11,sc_251a9f04ef,greedy,50,12,0.2414,0.3412,0.175,0.05,HEURISTIC,0
11,sc_251a9f04ef,cpsat,50,12,0.2414,0.3289,0.2,2.62,OPTIMAL,0
12,sc_45c372fcfd,fifo,50,18,0.2854,0.5041,0.4,0.05,HEURISTIC,0
12,sc_45c372fcfd,greedy,50,16,0.3476,0.4589,0.4,0.05,HEURISTIC,0
12,sc_45c372fcfd,cpsat,50,18,0.3712,0.4532,0.45,20.98,OPTIMAL,0
13,sc_cbabe7ca03,fifo,50,11,0.182,0.356,0.225,0.11,HEURISTIC,0
13,sc_cbabe7ca03,greedy,50,10,0.2258,0.2558,0.2,0.14,HEURISTIC,0
13,sc_cbabe7ca03,cpsat,50,13,0.3041,0.3088,0.25,22.53,FEASIBLE,0
14,sc_c544ea18f6,fifo,50,16,0.3587,0.4519,0.375,0.06,HEURISTIC,0
14,sc_c544ea18f6,greedy,50,17,0.3969,0.3308,0.375,0.05,HEURISTIC,0
14,sc_c544ea18f6,cpsat,50,19,0.4215,0.4026,0.4,21.62,FEASIBLE,0
15,sc_72e9cdf458,fifo,50,16,0.2937,0.4041,0.25,0.08,HEURISTIC,0
15,sc_72e9cdf458,greedy,50,19,0.4275,0.3395,0.35,0.09,HEURISTIC,0
15,sc_72e9cdf458,cpsat,50,23,0.487,0.3894,0.45,22.71,FEASIBLE,0
16,sc_639d79e59b,fifo,50,14,0.3074,0.2627,0.25,0.1,HEURISTIC,0
16,sc_639d79e59b,greedy,50,12,0.3638,0.1865,0.275,0.09,HEURISTIC,0
16,sc_639d79e59b,cpsat,50,15,0.3872,0.2082,0.275,18.05,OPTIMAL,0
17,sc_ee60e9bcb8,fifo,50,14,0.299,0.3405,0.2,0.05,HEURISTIC,0
17,sc_ee60e9bcb8,greedy,50,13,0.3172,0.3006,0.2,0.06,HEURISTIC,0
17,sc_ee60e9bcb8,cpsat,50,14,0.3313,0.304,0.2,21.75,FEASIBLE,0
18,sc_5c50886028,fifo,50,13,0.2622,0.4349,0.2,0.08,HEURISTIC,0
18,sc_5c50886028,greedy,50,12,0.3053,0.379,0.225,0.09,HEURISTIC,0
18,sc_5c50886028,cpsat,50,13,0.319,0.3939,0.25,4.94,OPTIMAL,0
19,sc_68caa07271,fifo,50,13,0.2582,0.4208,0.225,0.06,HEURISTIC,0
19,sc_68caa07271,greedy,50,13,0.3176,0.356,0.25,0.07,HEURISTIC,0
19,sc_68caa07271,cpsat,50,13,0.3176,0.3525,0.25,2.3,OPTIMAL,0
20,sc_a65e5081b4,fifo,50,17,0.3203,0.3744,0.35,0.11,HEURISTIC,0
20,sc_a65e5081b4,greedy,50,16,0.406,0.351,0.35,0.12,HEURISTIC,0
20,sc_a65e5081b4,cpsat,50,21,0.4693,0.3578,0.375,23.01,FEASIBLE,0
